id,ts,time,dataset,group_id,market_id,order_id,order_type,order_side,price,qty,tag,inventory,split
0,1522411472000,2018-03-30 20:04:32.000000,Ag(T+D)@sg,1,45,15224114700001,LIMIT,BID,3594.00005,10,-,10,0
1,1522414974000,2018-03-30 21:02:54.000000,Ag(T+D)@sg,2,300,15224149700001,LIMIT,ASK,3591.99995,10,-,0,0
2,1522415532000,2018-03-30 21:12:12.000000,Ag(T+D)@sg,3,399,15224155300001,LIMIT,BID,3595.00005,10,-,10,0
3,1522415537000,2018-03-30 21:12:17.000000,Ag(T+D)@sg,4,400,15224155350001,LIMIT,BID,3596.00005,10,-,20,0
4,1522415611000,2018-03-30 21:13:31.000000,Ag(T+D)@sg,5,415,15224156100001,LIMIT,BID,3596.00005,10,-,30,0
5,1522415688000,2018-03-30 21:14:48.000000,Ag(T+D)@sg,6,430,15224156850001,LIMIT,ASK,3596.99995,10,-,20,0
6,1522415875000,2018-03-30 21:17:55.000000,Ag(T+D)@sg,7,465,15224158700001,LIMIT,BID,3596.00005,10,-,30,0
7,1522417208000,2018-03-30 21:40:08.000000,Ag(T+D)@sg,8,728,15224172050001,LIMIT,ASK,3595.99995,10,-,20,0
8,1522423767000,2018-03-30 23:29:27.000000,Ag(T+D)@sg,9,1745,15224237650001,LIMIT,BID,3597.00005,10,-,30,0
9,1522423864000,2018-03-30 23:31:04.000000,Ag(T+D)@sg,10,1764,15224238600001,LIMIT,BID,3604.00005,10,-,40,0
10,1522424196000,2018-03-30 23:36:36.000000,Ag(T+D)@sg,11,1831,15224241950001,LIMIT,BID,3602.00005,10,-,50,0
11,1522424400000,2018-03-30 23:40:00.000000,Ag(T+D)@sg,12,1860,15224243950001,LIMIT,BID,3602.00005,10,-,60,0
12,1522424637000,2018-03-30 23:43:57.000000,Ag(T+D)@sg,13,1907,15224246350001,LIMIT,ASK,3600.99995,10,-,50,0
13,1522424747000,2018-03-30 23:45:47.000000,Ag(T+D)@sg,14,1924,15224247450001,LIMIT,BID,3601.00005,10,-,60,0
14,1522425198000,2018-03-30 23:53:18.000000,Ag(T+D)@sg,15,1995,15224251950001,LIMIT,BID,3601.00005,10,-,70,0
15,1522425232000,2018-03-30 23:53:52.000000,Ag(T+D)@sg,16,2002,15224252300001,LIMIT,BID,3601.00005,10,-,80,0
16,1522425298000,2018-03-30 23:54:58.000000,Ag(T+D)@sg,17,2009,15224252950001,LIMIT,ASK,3600.99995,10,-,70,0
17,1522426368000,2018-03-31 00:12:48.000000,Ag(T+D)@sg,18,2186,15224263650001,LIMIT,BID,3602.00005,10,-,80,0
18,1522426491000,2018-03-31 00:14:51.000000,Ag(T+D)@sg,19,2211,15224264900001,LIMIT,ASK,3601.99995,10,-,70,0
19,1522426572000,2018-03-31 00:16:12.000000,Ag(T+D)@sg,20,2226,15224265700001,LIMIT,BID,3602.00005,10,-,80,0
20,1522428190000,2018-03-31 00:43:10.000000,Ag(T+D)@sg,21,2363,15224281850001,LIMIT,BID,3603.00005,10,-,90,0
21,1522428292000,2018-03-31 00:44:52.000000,Ag(T+D)@sg,22,2372,15224282900001,LIMIT,ASK,3602.99995,10,-,80,0
22,1522429264000,2018-03-31 01:01:04.000000,Ag(T+D)@sg,23,2441,15224292600001,LIMIT,ASK,3602.99995,10,-,70,0
23,1522429480000,2018-03-31 01:04:40.000000,Ag(T+D)@sg,24,2480,15224294750001,LIMIT,ASK,3603.99995,10,-,60,0
24,1522434158000,2018-03-31 02:22:38.000000,Ag(T+D)@sg,25,3059,15224341550001,LIMIT,BID,3601.00005,10,-,70,0
25,1522434422000,2018-03-31 02:27:02.000000,Ag(T+D)@sg,26,3112,15224344200001,LIMIT,BID,3600.00005,10,-,80,0
26,1522434448000,2018-03-31 02:27:28.000000,Ag(T+D)@sg,27,3117,15224344450001,LIMIT,BID,3600.00005,10,-,90,0
27,1522434481000,2018-03-31 02:28:01.000000,Ag(T+D)@sg,28,3124,15224344800001,LIMIT,BID,3601.00005,10,-,100,0
28,1522434498000,2018-03-31 02:28:18.000000,Ag(T+D)@sg,29,3127,15224344950001,LIMIT,BID,3601.00005,10,-,110,0
29,1522434521000,2018-03-31 02:28:41.000000,Ag(T+D)@sg,30,3132,15224345200001,LIMIT,BID,3601.00005,10,-,120,0
30,1522434587000,2018-03-31 02:29:47.000000,Ag(T+D)@sg,31,3145,15224345850001,LIMIT,ASK,3600.99995,10,-,110,0
31,1522434591000,2018-03-31 02:29:51.000000,Ag(T+D)@sg,32,3146,15224345900001,LIMIT,ASK,3601.99995,10,-,100,0
32,1522630818000,2018-04-02 09:00:18.000000,Ag(T+D)@sg,33,3203,15226308150001,LIMIT,BID,3606.00005,10,-,110,0
33,1522630872000,2018-04-02 09:01:12.000000,Ag(T+D)@sg,34,3214,15226308700001,LIMIT,BID,3607.00005,10,-,120,0
34,1522630877000,2018-04-02 09:01:17.000000,Ag(T+D)@sg,35,3215,15226308750001,LIMIT,BID,3607.00005,10,-,130,0
35,1522630894000,2018-04-02 09:01:34.000000,Ag(T+D)@sg,36,3218,15226308900001,LIMIT,BID,3606.00005,10,-,140,0
36,1522630920000,2018-04-02 09:02:00.000000,Ag(T+D)@sg,37,3223,15226309150001,LIMIT,BID,3605.00005,10,-,150,0
37,1522631054000,2018-04-02 09:04:14.000000,Ag(T+D)@sg,38,3250,15226310500001,LIMIT,ASK,3606.99995,10,-,140,0
38,1522631187000,2018-04-02 09:06:27.000000,Ag(T+D)@sg,39,3277,15226311850001,LIMIT,BID,3610.00005,10,-,150,0
39,1522631201000,2018-04-02 09:06:41.000000,Ag(T+D)@sg,40,3280,15226312000001,LIMIT,BID,3609.00005,10,-,160,0
40,1522631236000,2018-04-02 09:07:16.000000,Ag(T+D)@sg,41,3287,15226312350001,LIMIT,ASK,3607.99995,10,-,150,0
41,1522631579000,2018-04-02 09:12:59.000000,Ag(T+D)@sg,42,3352,15226315750001,LIMIT,ASK,3608.99995,10,-,140,0
42,1522631654500,2018-04-02 09:14:14.500000,Ag(T+D)@sg,43,3367,15226316500001,LIMIT,BID,3609.00005,10,-,150,0
43,1522631767500,2018-04-02 09:16:07.500000,Ag(T+D)@sg,44,3390,15226317650001,LIMIT,ASK,3607.99995,10,-,140,0
44,1522631772000,2018-04-02 09:16:12.000000,Ag(T+D)@sg,45,3391,15226317700001,LIMIT,BID,3608.00005,10,-,150,0
45,1522632638000,2018-04-02 09:30:38.000000,Ag(T+D)@sg,46,3500,15226326350001,LIMIT,BID,3608.00005,10,-,160,0
46,1522632804000,2018-04-02 09:33:24.000000,Ag(T+D)@sg,47,3533,15226328000001,LIMIT,BID,3608.00005,10,-,170,0
47,1522648120000,2018-04-02 13:48:40.000000,Ag(T+D)@sg,48,4658,15226481150001,LIMIT,ASK,3601.99995,10,-,160,0
48,1522648131500,2018-04-02 13:48:51.500000,Ag(T+D)@sg,49,4661,15226481300001,LIMIT,ASK,3601.99995,10,-,150,0
49,1522648386000,2018-04-02 13:53:06.000000,Ag(T+D)@sg,50,4710,15226483850001,LIMIT,ASK,3601.99995,10,-,140,0
50,1522648393000,2018-04-02 13:53:13.000000,Ag(T+D)@sg,51,4711,15226483900001,LIMIT,ASK,3601.99995,10,-,130,0
51,1522648662000,2018-04-02 13:57:42.000000,Ag(T+D)@sg,52,4752,15226486600001,LIMIT,BID,3601.00005,10,-,140,0
52,1522649615000,2018-04-02 14:13:35.000000,Ag(T+D)@sg,53,4925,15226496100001,LIMIT,BID,3601.00005,10,-,150,0
53,1522649699000,2018-04-02 14:14:59.000000,Ag(T+D)@sg,54,4942,15226496950001,LIMIT,BID,3601.00005,10,-,160,0
54,1522650309500,2018-04-02 14:25:09.500000,Ag(T+D)@sg,55,5043,15226503050001,LIMIT,BID,3600.00005,10,-,170,0
55,1522650362000,2018-04-02 14:26:02.000000,Ag(T+D)@sg,56,5054,15226503600001,LIMIT,BID,3600.00005,10,-,180,0
56,1522650502000,2018-04-02 14:28:22.000000,Ag(T+D)@sg,57,5081,15226505000001,LIMIT,ASK,3599.99995,10,-,170,0
57,1522651224000,2018-04-02 14:40:24.000000,Ag(T+D)@sg,58,5218,15226512200001,LIMIT,ASK,3599.99995,10,-,160,0
58,1522651546000,2018-04-02 14:45:46.000000,Ag(T+D)@sg,59,5283,15226515450001,LIMIT,BID,3601.00005,10,-,170,0
59,1522652098000,2018-04-02 14:54:58.000000,Ag(T+D)@sg,60,5388,15226520950001,LIMIT,BID,3601.00005,10,-,180,0
60,1522652351000,2018-04-02 14:59:11.000000,Ag(T+D)@sg,61,5439,15226523500001,LIMIT,ASK,3601.99995,10,-,170,0
61,1522670448000,2018-04-02 20:00:48.000000,Ag(T+D)@sg,62,5794,15226704450001,LIMIT,BID,3616.00005,10,-,180,0
62,1522670461000,2018-04-02 20:01:01.000000,Ag(T+D)@sg,63,5797,15226704600001,LIMIT,BID,3615.00005,10,-,190,0
63,1522670558000,2018-04-02 20:02:38.000000,Ag(T+D)@sg,64,5816,15226705550001,LIMIT,ASK,3616.99995,10,-,180,0
64,1522670714000,2018-04-02 20:05:14.000000,Ag(T+D)@sg,65,5847,15226707100001,LIMIT,ASK,3615.99995,10,-,170,0
65,1522670730000,2018-04-02 20:05:30.000000,Ag(T+D)@sg,66,5850,15226707250001,LIMIT,ASK,3614.99995,10,-,160,0
66,1522670821000,2018-04-02 20:07:01.000000,Ag(T+D)@sg,67,5869,15226708200001,LIMIT,ASK,3613.99995,10,-,150,0
67,1522670839000,2018-04-02 20:07:19.000000,Ag(T+D)@sg,68,5872,15226708350001,LIMIT,ASK,3613.99995,10,-,140,0
68,1522671233000,2018-04-02 20:13:53.000000,Ag(T+D)@sg,69,5951,15226712300001,LIMIT,ASK,3613.99995,10,-,130,0
69,1522671573000,2018-04-02 20:19:33.000000,Ag(T+D)@sg,70,6018,15226715700001,LIMIT,ASK,3615.99995,10,-,120,0
70,1522671879000,2018-04-02 20:24:39.000000,Ag(T+D)@sg,71,6079,15226718750001,LIMIT,BID,3618.00005,10,-,130,0
71,1522671980500,2018-04-02 20:26:20.500000,Ag(T+D)@sg,72,6100,15226719800001,LIMIT,BID,3620.00005,10,-,140,0
72,1522672007000,2018-04-02 20:26:47.000000,Ag(T+D)@sg,73,6105,15226720050001,LIMIT,BID,3619.00005,10,-,150,0
73,1522672042000,2018-04-02 20:27:22.000000,Ag(T+D)@sg,74,6112,15226720400001,LIMIT,BID,3619.00005,10,-,160,0
74,1522672440000,2018-04-02 20:34:00.000000,Ag(T+D)@sg,75,6191,15226724350001,LIMIT,ASK,3617.99995,10,-,150,0
75,1522672533000,2018-04-02 20:35:33.000000,Ag(T+D)@sg,76,6210,15226725300001,LIMIT,ASK,3617.99995,10,-,140,0
76,1522673275000,2018-04-02 20:47:55.000000,Ag(T+D)@sg,77,6355,15226732700001,LIMIT,BID,3620.00005,10,-,150,0
77,1522673296000,2018-04-02 20:48:16.000000,Ag(T+D)@sg,78,6360,15226732950001,LIMIT,BID,3620.00005,10,-,160,0
78,1522673364000,2018-04-02 20:49:24.000000,Ag(T+D)@sg,79,6373,15226733600001,LIMIT,ASK,3620.99995,10,-,150,0
79,1522673397000,2018-04-02 20:49:57.000000,Ag(T+D)@sg,80,6380,15226733950001,LIMIT,BID,3621.00005,10,-,160,0
80,1522673502000,2018-04-02 20:51:42.000000,Ag(T+D)@sg,81,6401,15226735000001,LIMIT,ASK,3621.99995,10,-,150,0
81,1522673510000,2018-04-02 20:51:50.000000,Ag(T+D)@sg,82,6402,15226735050001,LIMIT,ASK,3622.99995,10,-,140,0
82,1522673581000,2018-04-02 20:53:01.000000,Ag(T+D)@sg,83,6417,15226735800001,LIMIT,BID,3621.00005,10,-,150,0
83,1522674019000,2018-04-02 21:00:19.000000,Ag(T+D)@sg,84,6494,15226740150001,LIMIT,BID,3621.00005,10,-,160,0
84,1522674132000,2018-04-02 21:02:12.000000,Ag(T+D)@sg,85,6515,15226741300001,LIMIT,ASK,3620.99995,10,-,150,0
85,1522674482000,2018-04-02 21:08:02.000000,Ag(T+D)@sg,86,6582,15226744800001,LIMIT,BID,3621.00005,10,-,160,0
86,1522674865000,2018-04-02 21:14:25.000000,Ag(T+D)@sg,87,6657,15226748600001,LIMIT,ASK,3620.99995,10,-,150,0
87,1522675186000,2018-04-02 21:19:46.000000,Ag(T+D)@sg,88,6716,15226751850001,LIMIT,ASK,3622.99995,10,-,140,0
88,1522675871000,2018-04-02 21:31:11.000000,Ag(T+D)@sg,89,6837,15226758700001,LIMIT,BID,3621.00005,10,-,150,0
89,1522676253000,2018-04-02 21:37:33.000000,Ag(T+D)@sg,90,6910,15226762500001,LIMIT,ASK,3617.99995,10,-,140,0
90,1522676707000,2018-04-02 21:45:07.000000,Ag(T+D)@sg,91,6993,15226767050001,LIMIT,ASK,3618.99995,10,-,130,0
91,1522676781000,2018-04-02 21:46:21.000000,Ag(T+D)@sg,92,7008,15226767800001,LIMIT,ASK,3618.99995,10,-,120,0
92,1522676847000,2018-04-02 21:47:27.000000,Ag(T+D)@sg,93,7021,15226768450001,LIMIT,BID,3619.00005,10,-,130,0
93,1522676864000,2018-04-02 21:47:44.000000,Ag(T+D)@sg,94,7024,15226768600001,LIMIT,BID,3618.00005,10,-,140,0
94,1522676899000,2018-04-02 21:48:19.000000,Ag(T+D)@sg,95,7031,15226768950001,LIMIT,BID,3618.00005,10,-,150,0
95,1522677232000,2018-04-02 21:53:52.000000,Ag(T+D)@sg,96,7098,15226772300001,LIMIT,ASK,3616.99995,10,-,140,0
96,1522678463000,2018-04-02 22:14:23.000000,Ag(T+D)@sg,97,7321,15226784600001,LIMIT,BID,3616.00005,10,-,150,0
97,1522678727000,2018-04-02 22:18:47.000000,Ag(T+D)@sg,98,7374,15226787250001,LIMIT,ASK,3619.99995,10,-,140,0
98,1522679065000,2018-04-02 22:24:25.000000,Ag(T+D)@sg,99,7441,15226790600001,LIMIT,BID,3621.00005,10,-,150,0
99,1522679086000,2018-04-02 22:24:46.000000,Ag(T+D)@sg,100,7446,15226790850001,LIMIT,ASK,3619.99995,10,-,140,0
100,1522679195000,2018-04-02 22:26:35.000000,Ag(T+D)@sg,101,7465,15226791900001,LIMIT,ASK,3620.99995,10,-,130,0
101,1522680154000,2018-04-02 22:42:34.000000,Ag(T+D)@sg,102,7622,15226801500001,LIMIT,ASK,3619.99995,10,-,120,0
102,1522680317500,2018-04-02 22:45:17.500000,Ag(T+D)@sg,103,7655,15226803150001,LIMIT,ASK,3620.99995,10,-,110,0
103,1522680334000,2018-04-02 22:45:34.000000,Ag(T+D)@sg,104,7658,15226803300001,LIMIT,BID,3621.00005,10,-,120,0
104,1522680508000,2018-04-02 22:48:28.000000,Ag(T+D)@sg,105,7687,15226805050001,LIMIT,ASK,3620.99995,10,-,110,0
105,1522680594000,2018-04-02 22:49:54.000000,Ag(T+D)@sg,106,7704,15226805900001,LIMIT,BID,3621.00005,10,-,120,0
106,1522680627000,2018-04-02 22:50:27.000000,Ag(T+D)@sg,107,7711,15226806250001,LIMIT,ASK,3620.99995,10,-,110,0
107,1522681434000,2018-04-02 23:03:54.000000,Ag(T+D)@sg,108,7870,15226814300001,LIMIT,ASK,3619.99995,10,-,100,0
108,1522681668000,2018-04-02 23:07:48.000000,Ag(T+D)@sg,109,7909,15226816650001,LIMIT,ASK,3619.99995,10,-,90,0
109,1522682977000,2018-04-02 23:29:37.000000,Ag(T+D)@sg,110,8166,15226829750001,LIMIT,ASK,3619.99995,10,-,80,0
110,1522683112000,2018-04-02 23:31:52.000000,Ag(T+D)@sg,111,8193,15226831100001,LIMIT,ASK,3619.99995,10,-,70,0
111,1522684276000,2018-04-02 23:51:16.000000,Ag(T+D)@sg,112,8412,15226842750001,LIMIT,BID,3619.00005,10,-,80,0
112,1522684615000,2018-04-02 23:56:55.000000,Ag(T+D)@sg,113,8479,15226846100001,LIMIT,BID,3618.00005,10,-,90,0
113,1522684843500,2018-04-03 00:00:43.500000,Ag(T+D)@sg,114,8524,15226848400001,LIMIT,ASK,3619.99995,10,-,80,0
114,1522685348000,2018-04-03 00:09:08.000000,Ag(T+D)@sg,115,8625,15226853450001,LIMIT,ASK,3619.99995,10,-,70,0
115,1522686331000,2018-04-03 00:25:31.000000,Ag(T+D)@sg,116,8802,15226863300001,LIMIT,BID,3619.00005,10,-,80,0
116,1522686808000,2018-04-03 00:33:28.000000,Ag(T+D)@sg,117,8887,15226868050001,LIMIT,BID,3619.00005,10,-,90,0
117,1522687826000,2018-04-03 00:50:26.000000,Ag(T+D)@sg,118,9068,15226878250001,LIMIT,ASK,3618.99995,10,-,80,0
118,1522689129000,2018-04-03 01:12:09.000000,Ag(T+D)@sg,119,9261,15226891250001,LIMIT,ASK,3622.99995,10,-,70,0
119,1522689193000,2018-04-03 01:13:13.000000,Ag(T+D)@sg,120,9274,15226891900001,LIMIT,ASK,3622.99995,10,-,60,0
120,1522689196000,2018-04-03 01:13:16.000000,Ag(T+D)@sg,121,9275,15226891950001,LIMIT,ASK,3622.99995,10,-,50,0
121,1522689235000,2018-04-03 01:13:55.000000,Ag(T+D)@sg,122,9282,15226892300001,LIMIT,BID,3623.00005,10,-,60,0
122,1522689599000,2018-04-03 01:19:59.000000,Ag(T+D)@sg,123,9343,15226895950001,LIMIT,BID,3624.00005,10,-,70,0
123,1522689792000,2018-04-03 01:23:12.000000,Ag(T+D)@sg,124,9382,15226897900001,LIMIT,ASK,3624.99995,10,-,60,0
124,1522689819000,2018-04-03 01:23:39.000000,Ag(T+D)@sg,125,9387,15226898150001,LIMIT,ASK,3625.99995,10,-,50,0
125,1522690223000,2018-04-03 01:30:23.000000,Ag(T+D)@sg,126,9460,15226902200001,LIMIT,BID,3627.00005,10,-,60,0
126,1522690362000,2018-04-03 01:32:42.000000,Ag(T+D)@sg,127,9487,15226903600001,LIMIT,ASK,3624.99995,10,-,50,0
127,1522690877000,2018-04-03 01:41:17.000000,Ag(T+D)@sg,128,9582,15226908750001,LIMIT,ASK,3625.99995,10,-,40,0
128,1522692571000,2018-04-03 02:09:31.000000,Ag(T+D)@sg,129,9795,15226925700001,LIMIT,ASK,3623.99995,10,-,30,0
129,1522692801000,2018-04-03 02:13:21.000000,Ag(T+D)@sg,130,9838,15226928000001,LIMIT,ASK,3624.99995,10,-,20,0
130,1522693529000,2018-04-03 02:25:29.000000,Ag(T+D)@sg,131,9933,15226935250001,LIMIT,ASK,3625.99995,10,-,10,0
131,1522693641000,2018-04-03 02:27:21.000000,Ag(T+D)@sg,132,9956,15226936400001,LIMIT,BID,3626.00005,10,-,20,0
132,1522717832000,2018-04-03 09:10:32.000000,Ag(T+D)@sg,133,10163,15227178300001,LIMIT,BID,3621.00005,10,-,30,0
133,1522718019000,2018-04-03 09:13:39.000000,Ag(T+D)@sg,134,10198,15227180150001,LIMIT,ASK,3620.99995,10,-,20,0
134,1522718998000,2018-04-03 09:29:58.000000,Ag(T+D)@sg,135,10359,15227189950001,LIMIT,BID,3617.00005,10,-,30,0
135,1522720588000,2018-04-03 09:56:28.000000,Ag(T+D)@sg,136,10568,15227205850001,LIMIT,BID,3619.00005,10,-,40,0
136,1522720866000,2018-04-03 10:01:06.000000,Ag(T+D)@sg,137,10623,15227208650001,LIMIT,BID,3619.00005,10,-,50,0
137,1522721369000,2018-04-03 10:09:29.000000,Ag(T+D)@sg,138,10668,15227213650001,LIMIT,BID,3619.00005,10,-,60,0
138,1522724594000,2018-04-03 11:03:14.000000,Ag(T+D)@sg,139,10843,15227245900001,LIMIT,ASK,3618.99995,10,-,50,0
139,1522724708000,2018-04-03 11:05:08.000000,Ag(T+D)@sg,140,10866,15227247050001,LIMIT,ASK,3618.99995,10,-,40,0
140,1522724834000,2018-04-03 11:07:14.000000,Ag(T+D)@sg,141,10891,15227248300001,LIMIT,BID,3619.00005,10,-,50,0
141,1522735799000,2018-04-03 14:09:59.000000,Ag(T+D)@sg,142,11378,15227357950001,LIMIT,ASK,3619.99995,10,-,40,0
142,1522738263000,2018-04-03 14:51:03.000000,Ag(T+D)@sg,143,11695,15227382600001,LIMIT,BID,3619.00005,10,-,50,0
143,1522738431000,2018-04-03 14:53:51.000000,Ag(T+D)@sg,144,11720,15227384300001,LIMIT,BID,3619.00005,10,-,60,0
144,1522738469000,2018-04-03 14:54:29.000000,Ag(T+D)@sg,145,11727,15227384650001,LIMIT,ASK,3618.99995,10,-,50,0
145,1522738590000,2018-04-03 14:56:30.000000,Ag(T+D)@sg,146,11746,15227385850001,LIMIT,ASK,3618.99995,10,-,40,0
146,1522756933000,2018-04-03 20:02:13.000000,Ag(T+D)@sg,147,12139,15227569300001,LIMIT,ASK,3615.99995,10,-,30,0
147,1522757398000,2018-04-03 20:09:58.000000,Ag(T+D)@sg,148,12230,15227573950001,LIMIT,ASK,3616.99995,10,-,20,0
148,1522757603000,2018-04-03 20:13:23.000000,Ag(T+D)@sg,149,12267,15227576000001,LIMIT,ASK,3618.99995,10,-,10,0
149,1522758016000,2018-04-03 20:20:16.000000,Ag(T+D)@sg,150,12336,15227580150001,LIMIT,BID,3620.00005,10,-,20,0
150,1522758518000,2018-04-03 20:28:38.000000,Ag(T+D)@sg,151,12393,15227585150001,LIMIT,BID,3621.00005,10,-,30,0
151,1522758862000,2018-04-03 20:34:22.000000,Ag(T+D)@sg,152,12462,15227588600001,LIMIT,ASK,3618.99995,10,-,20,0
152,1522759747000,2018-04-03 20:49:07.000000,Ag(T+D)@sg,153,12615,15227597450001,LIMIT,BID,3617.00005,10,-,30,0
153,1522760203000,2018-04-03 20:56:43.000000,Ag(T+D)@sg,154,12688,15227602000001,LIMIT,BID,3618.00005,10,-,40,0
154,1522760492000,2018-04-03 21:01:32.000000,Ag(T+D)@sg,155,12735,15227604900001,LIMIT,ASK,3615.99995,10,-,30,0
155,1522760811000,2018-04-03 21:06:51.000000,Ag(T+D)@sg,156,12796,15227608100001,LIMIT,BID,3615.00005,10,-,40,0
156,1522761066000,2018-04-03 21:11:06.000000,Ag(T+D)@sg,157,12847,15227610650001,LIMIT,ASK,3611.99995,10,-,30,0
157,1522761185000,2018-04-03 21:13:05.000000,Ag(T+D)@sg,158,12870,15227611800001,LIMIT,ASK,3609.99995,10,-,20,0
158,1522761208000,2018-04-03 21:13:28.000000,Ag(T+D)@sg,159,12875,15227612050001,LIMIT,ASK,3609.99995,10,-,10,0
159,1522761414000,2018-04-03 21:16:54.000000,Ag(T+D)@sg,160,12916,15227614100001,LIMIT,ASK,3605.99995,10,-,0,0
160,1522761465500,2018-04-03 21:17:45.500000,Ag(T+D)@sg,161,12927,15227614650001,LIMIT,ASK,3607.99995,10,-,-10,0
161,1522761593333,2018-04-03 21:19:53.333000,Ag(T+D)@sg,162,12952,15227615900001,LIMIT,ASK,3606.99995,10,-,-20,0
162,1522761915005,2018-04-03 21:25:15.005000,Ag(T+D)@sg,163,13017,15227619150001,MARKET,BID,3608.00005,20,-,0,0
163,1522761963000,2018-04-03 21:26:03.000000,Ag(T+D)@sg,164,13022,15227619600001,LIMIT,ASK,3607.99995,10,-,-10,0
164,1522761975005,2018-04-03 21:26:15.005000,Ag(T+D)@sg,165,13025,15227619750001,MARKET,BID,3609.00005,10,-,0,0
165,1522762209000,2018-04-03 21:30:09.000000,Ag(T+D)@sg,166,13070,15227622050001,LIMIT,BID,3607.00005,10,-,10,0
166,1522762274000,2018-04-03 21:31:14.000000,Ag(T+D)@sg,167,13083,15227622700001,LIMIT,ASK,3606.99995,10,-,0,0
167,1522762529000,2018-04-03 21:35:29.000000,Ag(T+D)@sg,168,13132,15227625250001,LIMIT,ASK,3606.99995,10,-,-10,0
168,1522762781000,2018-04-03 21:39:41.000000,Ag(T+D)@sg,169,13183,15227627800001,LIMIT,BID,3608.00005,10,-,0,0
169,1522763037000,2018-04-03 21:43:57.000000,Ag(T+D)@sg,170,13234,15227630350001,LIMIT,ASK,3607.99995,10,-,-10,0
170,1522763080005,2018-04-03 21:44:40.005000,Ag(T+D)@sg,171,13243,15227630800001,MARKET,BID,3608.00005,10,-,0,0
171,1522763128000,2018-04-03 21:45:28.000000,Ag(T+D)@sg,172,13244,15227631250001,LIMIT,BID,3606.00005,10,-,10,0
172,1522763211000,2018-04-03 21:46:51.000000,Ag(T+D)@sg,173,13261,15227632100001,LIMIT,ASK,3607.99995,10,-,0,0
173,1522764807500,2018-04-03 22:13:27.500000,Ag(T+D)@sg,174,13528,15227648050001,LIMIT,ASK,3603.99995,10,-,-10,0
174,1522764823000,2018-04-03 22:13:43.000000,Ag(T+D)@sg,175,13531,15227648200001,LIMIT,ASK,3604.99995,10,-,-20,0
175,1522764857000,2018-04-03 22:14:17.000000,Ag(T+D)@sg,176,13538,15227648550001,LIMIT,ASK,3603.99995,10,-,-30,0
176,1522764920005,2018-04-03 22:15:20.005000,Ag(T+D)@sg,177,13551,15227649200001,MARKET,BID,3605.00005,30,-,0,0
177,1522765902000,2018-04-03 22:31:42.000000,Ag(T+D)@sg,178,13708,15227659000001,LIMIT,BID,3602.00005,10,-,10,0
178,1522766223500,2018-04-03 22:37:03.500000,Ag(T+D)@sg,179,13771,15227662200001,LIMIT,ASK,3601.99995,10,-,0,0
179,1522766254000,2018-04-03 22:37:34.000000,Ag(T+D)@sg,180,13776,15227662500001,LIMIT,BID,3602.00005,10,-,10,0
180,1522766537000,2018-04-03 22:42:17.000000,Ag(T+D)@sg,181,13833,15227665350001,LIMIT,ASK,3600.99995,10,-,0,0
181,1522766691000,2018-04-03 22:44:51.000000,Ag(T+D)@sg,182,13864,15227666900001,LIMIT,ASK,3597.99995,10,-,-10,0
182,1522766777000,2018-04-03 22:46:17.000000,Ag(T+D)@sg,183,13881,15227667750001,LIMIT,ASK,3597.99995,10,-,-20,0
183,1522766802000,2018-04-03 22:46:42.000000,Ag(T+D)@sg,184,13886,15227668000001,LIMIT,ASK,3597.99995,10,-,-30,0
184,1522766827000,2018-04-03 22:47:07.000000,Ag(T+D)@sg,185,13891,15227668250001,LIMIT,ASK,3598.99995,10,-,-40,0
185,1522767300005,2018-04-03 22:55:00.005000,Ag(T+D)@sg,186,13986,15227673000001,MARKET,BID,3597.00005,40,-,0,0
186,1522767399000,2018-04-03 22:56:39.000000,Ag(T+D)@sg,187,14005,15227673950001,LIMIT,ASK,3596.99995,10,-,-10,0
187,1522767675000,2018-04-03 23:01:15.000000,Ag(T+D)@sg,188,14060,15227676700001,LIMIT,ASK,3597.99995,10,-,-20,0
188,1522767705005,2018-04-03 23:01:45.005000,Ag(T+D)@sg,189,14067,15227677050001,MARKET,BID,3600.00005,20,-,0,0
189,1522767902000,2018-04-03 23:05:02.000000,Ag(T+D)@sg,190,14106,15227679000001,LIMIT,ASK,3599.99995,10,-,-10,0
190,1522767965005,2018-04-03 23:06:05.005000,Ag(T+D)@sg,191,14119,15227679650001,MARKET,BID,3602.00005,10,-,0,0
191,1522770613000,2018-04-03 23:50:13.000000,Ag(T+D)@sg,192,14532,15227706100001,LIMIT,BID,3603.00005,10,-,10,0
192,1522771524000,2018-04-04 00:05:24.000000,Ag(T+D)@sg,193,14681,15227715200001,LIMIT,ASK,3602.99995,10,-,0,0
193,1522771670000,2018-04-04 00:07:50.000000,Ag(T+D)@sg,194,14710,15227716650001,LIMIT,BID,3603.00005,10,-,10,0
194,1522772857000,2018-04-04 00:27:37.000000,Ag(T+D)@sg,195,14881,15227728550001,LIMIT,ASK,3602.99995,10,-,0,0
195,1522778796000,2018-04-04 02:06:36.000000,Ag(T+D)@sg,196,15478,15227787950001,LIMIT,BID,3600.00005,10,-,10,0
196,1522803807000,2018-04-04 09:03:27.000000,Ag(T+D)@sg,197,15737,15228038050001,LIMIT,ASK,3600.99995,10,-,0,0
197,1522804325000,2018-04-04 09:12:05.000000,Ag(T+D)@sg,198,15840,15228043200001,LIMIT,ASK,3602.99995,10,-,-10,0
198,1522804336000,2018-04-04 09:12:16.000000,Ag(T+D)@sg,199,15843,15228043350001,LIMIT,ASK,3602.99995,10,-,-20,0
199,1522804361000,2018-04-04 09:12:41.000000,Ag(T+D)@sg,200,15848,15228043600001,LIMIT,BID,3603.00005,10,-,-10,0
200,1522804505005,2018-04-04 09:15:05.005000,Ag(T+D)@sg,201,15877,15228045050001,MARKET,BID,3603.00005,10,-,0,0
201,1522804827000,2018-04-04 09:20:27.000000,Ag(T+D)@sg,202,15936,15228048250001,LIMIT,ASK,3601.99995,10,-,-10,0
202,1522805320005,2018-04-04 09:28:40.005000,Ag(T+D)@sg,203,16035,15228053200001,MARKET,BID,3601.00005,10,-,0,0
203,1522805973000,2018-04-04 09:39:33.000000,Ag(T+D)@sg,204,16102,15228059700001,LIMIT,BID,3602.00005,10,-,10,0
204,1522806204000,2018-04-04 09:43:24.000000,Ag(T+D)@sg,205,16141,15228062000001,LIMIT,ASK,3602.99995,10,-,0,0
205,1522806320000,2018-04-04 09:45:20.000000,Ag(T+D)@sg,206,16164,15228063150001,LIMIT,BID,3603.00005,10,-,10,0
206,1522806779000,2018-04-04 09:52:59.000000,Ag(T+D)@sg,207,16245,15228067750001,LIMIT,BID,3603.00005,10,-,20,0
207,1522807994000,2018-04-04 10:13:14.000000,Ag(T+D)@sg,208,16404,15228079900001,LIMIT,ASK,3603.99995,10,-,10,0
208,1522808009000,2018-04-04 10:13:29.000000,Ag(T+D)@sg,209,16407,15228080050001,LIMIT,BID,3604.00005,10,-,20,0
209,1522819809000,2018-04-04 13:30:09.000000,Ag(T+D)@sg,210,17006,15228198050001,LIMIT,BID,3605.00005,10,-,30,0
210,1522819956500,2018-04-04 13:32:36.500000,Ag(T+D)@sg,211,17035,15228199550001,LIMIT,ASK,3604.99995,10,-,20,0
211,1522820161000,2018-04-04 13:36:01.000000,Ag(T+D)@sg,212,17076,15228201600001,LIMIT,ASK,3604.99995,10,-,10,0
212,1522821252000,2018-04-04 13:54:12.000000,Ag(T+D)@sg,213,17243,15228212500001,LIMIT,ASK,3606.99995,10,-,0,0
213,1522821406000,2018-04-04 13:56:46.000000,Ag(T+D)@sg,214,17274,15228214050001,LIMIT,ASK,3607.99995,10,-,-10,0
214,1522821475000,2018-04-04 13:57:55.000000,Ag(T+D)@sg,215,17287,15228214700001,LIMIT,BID,3608.00005,10,-,0,0
215,1522821486000,2018-04-04 13:58:06.000000,Ag(T+D)@sg,216,17290,15228214850001,LIMIT,BID,3608.00005,10,-,10,0
216,1522822003000,2018-04-04 14:06:43.000000,Ag(T+D)@sg,217,17391,15228220000001,LIMIT,ASK,3606.99995,10,-,0,0
217,1522822878000,2018-04-04 14:21:18.000000,Ag(T+D)@sg,218,17490,15228228750001,LIMIT,ASK,3606.99995,10,-,-10,0
218,1522823040005,2018-04-04 14:24:00.005000,Ag(T+D)@sg,219,17523,15228230400001,MARKET,BID,3607.00005,10,-,0,0
219,1522825031000,2018-04-04 14:57:11.000000,Ag(T+D)@sg,220,17688,15228250300001,LIMIT,ASK,3605.99995,10,-,-10,0
220,1522825305005,2018-04-04 15:01:45.005000,Ag(T+D)@sg,221,17743,15228253050001,MARKET,BID,3607.00005,10,-,0,0
221,1522826556000,2018-04-04 15:22:36.000000,Ag(T+D)@sg,222,17920,15228265550001,LIMIT,ASK,3606.99995,10,-,-10,0
